[
{
  "model": "app.event",
  "pk": 1,
  "fields": {
    "name": "AI Research Summit",
    "date": "2025-05-15T09:00:00Z",
    "img": "events_images/3c8950b1-01c9-4b5d-bbbd-2d32fc3feb83_G67lFWc.jfif",
    "description": "Summit about progress in AI and how it can be used"
  }
},
{
  "model": "app.event",
  "pk": 2,
  "fields": {
    "name": "Quantum Computing Workshop",
    "date": "2025-06-20T14:30:00Z",
    "img": "",
    "description": "sth"
  }
},
{
  "model": "app.event",
  "pk": 3,
  "fields": {
    "name": "Data Science Conference",
    "date": "2025-07-10T10:00:00Z",
    "img": "",
    "description": "sth"
  }
},
{
  "model": "app.event",
  "pk": 4,
  "fields": {
    "name": "Neuroscience and AI Forum",
    "date": "2025-08-05T11:45:00Z",
    "img": "",
    "description": "sth"
  }
},
{
  "model": "app.event",
  "pk": 5,
  "fields": {
    "name": "Cybersecurity Summit",
    "date": "2025-09-18T13:15:00Z",
    "img": "",
    "description": "sth"
  }
},
{
  "model": "app.event",
  "pk": 6,
  "fields": {
    "name": "Space Exploration Symposium",
    "date": "2025-10-22T16:00:00Z",
    "img": "",
    "description": "sth"
  }
},
{
  "model": "app.event",
  "pk": 7,
  "fields": {
    "name": "Biotechnology Innovations Expo",
    "date": "2025-11-30T09:30:00Z",
    "img": "",
    "description": "sth"
  }
},
{
  "model": "app.event",
  "pk": 8,
  "fields": {
    "name": "Climate Change & Sustainability Panel",
    "date": "2025-12-12T15:00:00Z",
    "img": "",
    "description": "sth"
  }
},
{
  "model": "app.event",
  "pk": 9,
  "fields": {
    "name": "Blockchain & Finance Summit",
    "date": "2026-01-25T12:00:00Z",
    "img": "",
    "description": "sth"
  }
},
{
  "model": "app.event",
  "pk": 10,
  "fields": {
    "name": "Human-Robot Interaction Conference",
    "date": "2026-02-14T10:45:00Z",
    "img": "events_images/3c8950b1-01c9-4b5d-bbbd-2d32fc3feb83.jfif",
    "description": "Even about HCI and how it can impact us"
  }
},
{
  "model": "app.research",
  "pk": 2,
  "fields": {
    "name": "Advancements in Quantum Computing and Their Future Implication",
    "summary": "This research explores advancements in quantum computing and their future implications, highlighting key developments, challenges, and societal impacts. It emphasizes the need for further research to address unresolved issues and calls for collaboration a",
    "source_file": "research_files/Advancements_in_Quantum_Computing_and_Their_Future_Implications.pdf",
    "keywords": "Quantum Computing, Advancements, Implications, Future, Society, Technology, Policy, Qualitative Research, Literature Review, Expert Insights"
  }
},
{
  "model": "app.research",
  "pk": 3,
  "fields": {
    "name": "Cybersecurity Threats in the Age of Artificial Intelligence",
    "summary": "This research examines cybersecurity threats in the age of artificial intelligence, highlighting key developments, challenges, and societal implications. It emphasizes the need for further research to address unresolved issues and stresses the importance",
    "source_file": "app/research_files/Cybersecurity_Threats_in_the_Age_of_Artificial_Intelligence.pdf",
    "keywords": "AI,Cybersecurty"
  }
},
{
  "model": "app.research",
  "pk": 5,
  "fields": {
    "name": "The Economic Impact of Remote Work Post-Pandemic",
    "summary": "This research examines the economic impact of remote work post-pandemic, exploring key developments, challenges, and implications. It highlights the need for further research to address unresolved issues and stresses the importance of collaboration among",
    "source_file": "research_files/The_Economic_Impact_of_Remote_Work_Post-Pandemic.pdf",
    "keywords": "Remote work, economic impact, post-pandemic, qualitative research, case studies, expert opinions, policy, society, technology, future possibilities."
  }
},
{
  "model": "app.research",
  "pk": 6,
  "fields": {
    "name": "The Ethics of Genetic Engineering and CRISPR Technology",
    "summary": "The ethics of genetic engineering and CRISPR technology are complex, with both benefits and concerns, requiring collaboration among policymakers, researchers, and industry leaders to balance progress with caution.",
    "source_file": "research_files/The_Ethics_of_Genetic_Engineering_and_CRISPR_Technology_MTnt3Yh.pdf",
    "keywords": "Genetic engineering, CRISPR technology, ethics, policy, society, technology, advancements, challenges, future possibilities, benefits, risks"
  }
},
{
  "model": "app.research",
  "pk": 7,
  "fields": {
    "name": "The Impact of Artificial Intelligence on Modern Healthcare",
    "summary": "This research examines the impact of Artificial Intelligence (AI) on modern healthcare, highlighting its applications in medical imaging, predictive analytics, robotic surgery, and personalized treatment. AI enhances diagnostic accuracy, patient care, and",
    "source_file": "research_files/The_Impact_of_Artificial_Intelligence_on_Modern_Healthcare.pdf",
    "keywords": "AI,Healthcare"
  }
},
{
  "model": "app.research",
  "pk": 8,
  "fields": {
    "name": "The Influence of Video Games on Cognitive Development",
    "summary": "This research explores the influence of video games on cognitive development, examining key advancements, challenges, and societal implications. It highlights both the benefits and concerns surrounding video games, including ethical, social, and technical",
    "source_file": "research_files/The_Influence_of_Video_Games_on_Cognitive_Development.pdf",
    "keywords": "Video Games, Cognitive Development, Influence, Policy, Technology, Society, Expert Insights, Qualitative Research, Advances, Challenges"
  }
},
{
  "model": "app.research",
  "pk": 9,
  "fields": {
    "name": "The Psychological Effects of Social Media on Teenagers",
    "summary": "This research explores the psychological effects of social media on teenagers, examining key developments, implications, and challenges. It highlights both positive and negative effects, addressing concerns such as mental health and social behavior. The s",
    "source_file": "research_files/The_Psychological_Effects_of_Social_Media_on_Teenagers.pdf",
    "keywords": "Social media, teenagers, psychological effects, research, studies, expert opinions, case studies, methodology, literature review, technology, policy, future possibilities, benefits, risks, collaboration, policymakers, researchers, industry leaders, ethics, society, industry, impacts, implications."
  }
},
{
  "model": "app.research",
  "pk": 10,
  "fields": {
    "name": "The Role of Mental Health Awareness in Modern Workplaces",
    "summary": "This research explores the role of mental health awareness in modern workplaces, examining key developments, challenges, and societal implications. It emphasizes the growing importance of mental health initiatives, while also addressing concerns such as e",
    "source_file": "research_files/The_Role_of_Mental_Health_Awareness_in_Modern_Workplaces_7eGQFad.pdf",
    "keywords": "Mental health awareness, modern workplaces, role of mental health, workplace wellbeing, employee welfare, industry challenges, policy development, research methodology, qualitative studies, future possibilities."
  }
},
{
  "model": "app.research",
  "pk": 11,
  "fields": {
    "name": "The Role of Renewable Energy in Combating Climate Change",
    "summary": "This research explores the role of renewable energy in combating climate change, highlighting key developments, challenges, and societal impacts. It emphasizes the potential benefits of renewable energy while addressing ethical, social, and technical conc",
    "source_file": "research_files/The_Role_of_Renewable_Energy_in_Combating_Climate_Change_8lgmBEZ.pdf",
    "keywords": "Renewable energy, climate change, research paper, qualitative approach, literature review, expert opinions, case studies, future possibilities, policy, society, technology."
  }
},
{
  "model": "app.research",
  "pk": 13,
  "fields": {
    "name": "Space Exploration: Challenges and Future Prospects",
    "summary": "This research explores the challenges and future prospects of space exploration, focusing on key developments, implications, and obstacles. It highlights the need for further research to address unresolved issues and emphasizes collaboration among policym",
    "source_file": "research_files/Space_Exploration__Challenges_and_Future_Prospects.pdf",
    "keywords": "Space,Challanges"
  }
},
{
  "model": "app.researcher",
  "pk": 4,
  "fields": {
    "firstname": "Alice",
    "surname": "Johnson",
    "position": "this is position",
    "short_about": "short about",
    "about": "this is description",
    "email": "",
    "linkedin": "",
    "keywords": "",
    "img": "",
    "related_research": [
      2,
      5
    ]
  }
},
{
  "model": "app.researcher",
  "pk": 5,
  "fields": {
    "firstname": "Robert",
    "surname": "Smith",
    "position": "this is position",
    "short_about": "short about",
    "about": "this is description",
    "email": "",
    "linkedin": "",
    "keywords": "",
    "img": "",
    "related_research": [
      3,
      7,
      10
    ]
  }
},
{
  "model": "app.researcher",
  "pk": 6,
  "fields": {
    "firstname": "Emily",
    "surname": "Davis",
    "position": "this is position",
    "short_about": "short about",
    "about": "this is description",
    "email": "",
    "linkedin": "",
    "keywords": "",
    "img": "",
    "related_research": [
      6
    ]
  }
},
{
  "model": "app.researcher",
  "pk": 7,
  "fields": {
    "firstname": "Michael",
    "surname": "Brown",
    "position": "this is position",
    "short_about": "short about",
    "about": "this is description",
    "email": "",
    "linkedin": "",
    "keywords": "",
    "img": "",
    "related_research": [
      2,
      9
    ]
  }
},
{
  "model": "app.researcher",
  "pk": 8,
  "fields": {
    "firstname": "Jessica",
    "surname": "Williams",
    "position": "this is position",
    "short_about": "short about",
    "about": "this is description",
    "email": "",
    "linkedin": "",
    "keywords": "",
    "img": "",
    "related_research": [
      5,
      8
    ]
  }
},
{
  "model": "app.researcher",
  "pk": 9,
  "fields": {
    "firstname": "David",
    "surname": "Martinez",
    "position": "this is position",
    "short_about": "short about",
    "about": "this is description",
    "email": "",
    "linkedin": "",
    "keywords": "",
    "img": "",
    "related_research": [
      7,
      10
    ]
  }
},
{
  "model": "app.researcher",
  "pk": 10,
  "fields": {
    "firstname": "Laura",
    "surname": "Garcia",
    "position": "this is position",
    "short_about": "short about",
    "about": "this is description",
    "email": "",
    "linkedin": "",
    "keywords": "",
    "img": "",
    "related_research": [
      3,
      6,
      11
    ]
  }
},
{
  "model": "app.researcher",
  "pk": 11,
  "fields": {
    "firstname": "James",
    "surname": "Miller",
    "position": "this is position",
    "short_about": "short about",
    "about": "this is description",
    "email": "",
    "linkedin": "",
    "keywords": "",
    "img": "",
    "related_research": [
      2,
      8
    ]
  }
},
{
  "model": "app.researcher",
  "pk": 12,
  "fields": {
    "firstname": "Sophia",
    "surname": "Rodriguez",
    "position": "this is position",
    "short_about": "short about",
    "about": "this is description",
    "email": "",
    "linkedin": "",
    "keywords": "",
    "img": "",
    "related_research": [
      5,
      9
    ]
  }
},
{
  "model": "app.researcher",
  "pk": 13,
  "fields": {
    "firstname": "Daniel",
    "surname": "Hernandez",
    "position": "this is position",
    "short_about": "short about",
    "about": "this is description",
    "email": "",
    "linkedin": "",
    "keywords": "",
    "img": "",
    "related_research": [
      3,
      7,
      11
    ]
  }
},
{
  "model": "app.researcher",
  "pk": 14,
  "fields": {
    "firstname": "Olivia",
    "surname": "Lopez",
    "position": "this is position",
    "short_about": "short about",
    "about": "this is description",
    "email": "",
    "linkedin": "",
    "keywords": "",
    "img": "",
    "related_research": [
      6,
      10
    ]
  }
},
{
  "model": "app.researcher",
  "pk": 15,
  "fields": {
    "firstname": "Matthew",
    "surname": "Gonzalez",
    "position": "this is position",
    "short_about": "short about",
    "about": "this is description",
    "email": "",
    "linkedin": "",
    "keywords": "",
    "img": "",
    "related_research": [
      2,
      9
    ]
  }
},
{
  "model": "app.researcher",
  "pk": 16,
  "fields": {
    "firstname": "Isabella",
    "surname": "Wilson",
    "position": "this is position",
    "short_about": "short about",
    "about": "this is description",
    "email": "",
    "linkedin": "",
    "keywords": "",
    "img": "",
    "related_research": [
      5,
      8
    ]
  }
},
{
  "model": "app.researcher",
  "pk": 17,
  "fields": {
    "firstname": "Ethan",
    "surname": "Anderson",
    "position": "this is position",
    "short_about": "short about",
    "about": "this is description",
    "email": "",
    "linkedin": "",
    "keywords": "",
    "img": "",
    "related_research": [
      3,
      6,
      11
    ]
  }
},
{
  "model": "app.researcher",
  "pk": 18,
  "fields": {
    "firstname": "Ava",
    "surname": "Thomas",
    "position": "this is position",
    "short_about": "short about",
    "about": "this is description",
    "email": "",
    "linkedin": "",
    "keywords": "",
    "img": "",
    "related_research": [
      7,
      10
    ]
  }
},
{
  "model": "app.researcher",
  "pk": 19,
  "fields": {
    "firstname": "William",
    "surname": "Taylor",
    "position": "this is position",
    "short_about": "short about",
    "about": "this is description",
    "email": "",
    "linkedin": "",
    "keywords": "",
    "img": "",
    "related_research": [
      9
    ]
  }
},
{
  "model": "app.researcher",
  "pk": 20,
  "fields": {
    "firstname": "Charlotte",
    "surname": "Moore",
    "position": "this is position",
    "short_about": "short about",
    "about": "this is description",
    "email": "",
    "linkedin": "",
    "keywords": "",
    "img": "",
    "related_research": [
      2,
      5,
      8
    ]
  }
},
{
  "model": "app.researcher",
  "pk": 21,
  "fields": {
    "firstname": "Benjamin",
    "surname": "Jackson",
    "position": "this is position",
    "short_about": "short about",
    "about": "this is description",
    "email": "",
    "linkedin": "",
    "keywords": "",
    "img": "",
    "related_research": [
      3,
      6,
      10
    ]
  }
},
{
  "model": "app.researcher",
  "pk": 22,
  "fields": {
    "firstname": "Mia",
    "surname": "Martin",
    "position": "this is position",
    "short_about": "short about",
    "about": "this is description",
    "email": "",
    "linkedin": "",
    "keywords": "",
    "img": "",
    "related_research": [
      7,
      11
    ]
  }
},
{
  "model": "app.researcher",
  "pk": 23,
  "fields": {
    "firstname": "Alexander",
    "surname": "Lee",
    "position": "this is position",
    "short_about": "short about",
    "about": "this is description",
    "email": "",
    "linkedin": "",
    "keywords": "",
    "img": "",
    "related_research": [
      9
    ]
  }
},
{
  "model": "app.researcher",
  "pk": 25,
  "fields": {
    "firstname": "mock",
    "surname": "mock",
    "position": "this is position",
    "short_about": "short about",
    "about": "this is description",
    "email": "",
    "linkedin": "",
    "keywords": "",
    "img": "",
    "related_research": [
      2
    ]
  }
}
]
