[
{
  "model": "app.event",
  "pk": 1,
  "fields": {
    "name": "AI Research Summit",
    "date": "2025-05-15T09:00:00Z",
    "img": "events_images/3c8950b1-01c9-4b5d-bbbd-2d32fc3feb83_G67lFWc.jfif",
    "description": "Summit about progress in AI and how it can be used",
    "contact_email": "example@mail.com",
    "location": "AILab"
  }
},
{
  "model": "app.event",
  "pk": 2,
  "fields": {
    "name": "Quantum Computing Workshop",
    "date": "2025-06-20T14:30:00Z",
    "img": "",
    "description": "sth",
    "contact_email": "example@mail.com",
    "location": "AILab"
  }
},
{
  "model": "app.event",
  "pk": 3,
  "fields": {
    "name": "Data Science Conference",
    "date": "2025-07-10T10:00:00Z",
    "img": "",
    "description": "sth",
    "contact_email": "example@mail.com",
    "location": "AILab"
  }
},
{
  "model": "app.event",
  "pk": 4,
  "fields": {
    "name": "Neuroscience and AI Forum",
    "date": "2025-08-05T11:45:00Z",
    "img": "",
    "description": "sth",
    "contact_email": "example@mail.com",
    "location": "AILab"
  }
},
{
  "model": "app.event",
  "pk": 5,
  "fields": {
    "name": "Cybersecurity Summit",
    "date": "2025-09-18T13:15:00Z",
    "img": "",
    "description": "sth",
    "contact_email": "example@mail.com",
    "location": "AILab"
  }
},
{
  "model": "app.event",
  "pk": 6,
  "fields": {
    "name": "Space Exploration Symposium",
    "date": "2025-10-22T16:00:00Z",
    "img": "",
    "description": "sth",
    "contact_email": "example@mail.com",
    "location": "AILab"
  }
},
{
  "model": "app.event",
  "pk": 7,
  "fields": {
    "name": "Biotechnology Innovations Expo",
    "date": "2025-11-30T09:30:00Z",
    "img": "",
    "description": "sth",
    "contact_email": "example@mail.com",
    "location": "AILab"
  }
},
{
  "model": "app.event",
  "pk": 8,
  "fields": {
    "name": "Climate Change & Sustainability Panel",
    "date": "2025-12-12T15:00:00Z",
    "img": "",
    "description": "sth",
    "contact_email": "example@mail.com",
    "location": "Room A10"
  }
},
{
  "model": "app.event",
  "pk": 9,
  "fields": {
    "name": "Blockchain & Finance Summit",
    "date": "2026-01-25T12:00:00Z",
    "img": "",
    "description": "sth",
    "contact_email": "example@mail.com",
    "location": "AILab"
  }
},
{
  "model": "app.event",
  "pk": 10,
  "fields": {
    "name": "Human-Robot Interaction Conference",
    "date": "2026-02-14T10:45:00Z",
    "img": "events_images/3c8950b1-01c9-4b5d-bbbd-2d32fc3feb83.jfif",
    "description": "Even about HCI and how it can impact us",
    "contact_email": "example@mail.com",
    "location": "AILab"
  }
},
{
  "model": "app.research",
  "pk": 2,
  "fields": {
    "name": "Advancements in Quantum Computing and Their Future Implication",
    "summary": "This research explores advancements in quantum computing and their future implications, highlighting key developments, challenges, and societal impacts. It emphasizes the need for further research to address unresolved issues and calls for collaboration a",
    "source_file": "research_files/Advancements_in_Quantum_Computing_and_Their_Future_Implications.pdf",
    "keywords": "Quantum Computing, Advancements, Implications, Future, Society, Technology, Policy, Qualitative Research, Literature Review, Expert Insights"
  }
},
{
  "model": "app.research",
  "pk": 3,
  "fields": {
    "name": "Cybersecurity Threats in the Age of Artificial Intelligence",
    "summary": "This research examines cybersecurity threats in the age of artificial intelligence, highlighting key developments, challenges, and societal implications. It emphasizes the need for further research to address unresolved issues and stresses the importance",
    "source_file": "app/research_files/Cybersecurity_Threats_in_the_Age_of_Artificial_Intelligence.pdf",
    "keywords": "AI,Cybersecurty"
  }
},
{
  "model": "app.research",
  "pk": 5,
  "fields": {
    "name": "The Economic Impact of Remote Work Post-Pandemic",
    "summary": "This research examines the economic impact of remote work post-pandemic, exploring key developments, challenges, and implications. It highlights the need for further research to address unresolved issues and stresses the importance of collaboration among",
    "source_file": "research_files/The_Economic_Impact_of_Remote_Work_Post-Pandemic.pdf",
    "keywords": "Remote work, economic impact, post-pandemic, qualitative research, case studies, expert opinions, policy, society, technology, future possibilities."
  }
},
{
  "model": "app.research",
  "pk": 6,
  "fields": {
    "name": "The Ethics of Genetic Engineering and CRISPR Technology",
    "summary": "The ethics of genetic engineering and CRISPR technology are complex, with both benefits and concerns, requiring collaboration among policymakers, researchers, and industry leaders to balance progress with caution.",
    "source_file": "research_files/The_Ethics_of_Genetic_Engineering_and_CRISPR_Technology_MTnt3Yh.pdf",
    "keywords": "Genetic engineering, CRISPR technology, ethics, policy, society, technology, advancements, challenges, future possibilities, benefits, risks"
  }
},
{
  "model": "app.research",
  "pk": 7,
  "fields": {
    "name": "The Impact of Artificial Intelligence on Modern Healthcare",
    "summary": "This research examines the impact of Artificial Intelligence (AI) on modern healthcare, highlighting its applications in medical imaging, predictive analytics, robotic surgery, and personalized treatment. AI enhances diagnostic accuracy, patient care, and",
    "source_file": "research_files/The_Impact_of_Artificial_Intelligence_on_Modern_Healthcare.pdf",
    "keywords": "AI,Healthcare"
  }
},
{
  "model": "app.research",
  "pk": 8,
  "fields": {
    "name": "The Influence of Video Games on Cognitive Development",
    "summary": "This research explores the influence of video games on cognitive development, examining key advancements, challenges, and societal implications. It highlights both the benefits and concerns surrounding video games, including ethical, social, and technical",
    "source_file": "research_files/The_Influence_of_Video_Games_on_Cognitive_Development.pdf",
    "keywords": "Video Games, Cognitive Development, Influence, Policy, Technology, Society, Expert Insights, Qualitative Research, Advances, Challenges"
  }
},
{
  "model": "app.research",
  "pk": 9,
  "fields": {
    "name": "The Psychological Effects of Social Media on Teenagers",
    "summary": "This research explores the psychological effects of social media on teenagers, examining key developments, implications, and challenges. It highlights both positive and negative effects, addressing concerns such as mental health and social behavior. The s",
    "source_file": "research_files/The_Psychological_Effects_of_Social_Media_on_Teenagers.pdf",
    "keywords": "Social media, teenagers, psychological effects, research, studies, expert opinions, case studies, methodology, literature review, technology, policy, future possibilities, benefits, risks, collaboration, policymakers, researchers, industry leaders, ethics, society, industry, impacts, implications."
  }
},
{
  "model": "app.research",
  "pk": 10,
  "fields": {
    "name": "The Role of Mental Health Awareness in Modern Workplaces",
    "summary": "This research explores the role of mental health awareness in modern workplaces, examining key developments, challenges, and societal implications. It emphasizes the growing importance of mental health initiatives, while also addressing concerns such as e",
    "source_file": "research_files/The_Role_of_Mental_Health_Awareness_in_Modern_Workplaces_7eGQFad.pdf",
    "keywords": "Mental health awareness, modern workplaces, role of mental health, workplace wellbeing, employee welfare, industry challenges, policy development, research methodology, qualitative studies, future possibilities."
  }
},
{
  "model": "app.research",
  "pk": 11,
  "fields": {
    "name": "The Role of Renewable Energy in Combating Climate Change",
    "summary": "This research explores the role of renewable energy in combating climate change, highlighting key developments, challenges, and societal impacts. It emphasizes the potential benefits of renewable energy while addressing ethical, social, and technical conc",
    "source_file": "research_files/The_Role_of_Renewable_Energy_in_Combating_Climate_Change_8lgmBEZ.pdf",
    "keywords": "Renewable energy, climate change, research paper, qualitative approach, literature review, expert opinions, case studies, future possibilities, policy, society, technology."
  }
},
{
  "model": "app.research",
  "pk": 13,
  "fields": {
    "name": "Space Exploration: Challenges and Future Prospects",
    "summary": "This research explores the challenges and future prospects of space exploration, focusing on key developments, implications, and obstacles. It highlights the need for further research to address unresolved issues and emphasizes collaboration among policym",
    "source_file": "research_files/Space_Exploration__Challenges_and_Future_Prospects.pdf",
    "keywords": "Space,Challanges"
  }
},
{
  "model": "app.researcher",
  "pk": 4,
  "fields": {
    "firstname": "Alice",
    "surname": "Johnson",
    "position": "Senior AI Researcher",
    "short_about": "Expert in machine learning and natural language processing.",
    "about": "Alice Johnson focuses on deep learning, natural language understanding, and AI ethics, leading various interdisciplinary projects.",
    "email": "alice.johnson@example.com",
    "linkedin": "https://linkedin.com/in/alice-johnson",
    "keywords": "AI, Machine Learning, NLP, Deep Learning, Ethics",
    "img": "",
    "related_research": [2, 5]
  }
},
{
  "model": "app.researcher",
  "pk": 5,
  "fields": {
    "firstname": "Robert",
    "surname": "Smith",
    "position": "Lead Data Scientist",
    "short_about": "Specialist in data analysis and predictive modeling.",
    "about": "Robert Smith drives research on predictive analytics, statistical modeling, and large-scale data systems for healthcare and finance.",
    "email": "robert.smith@example.com",
    "linkedin": "https://linkedin.com/in/robert-smith",
    "keywords": "Data Science, Predictive Modeling, Big Data, Analytics",
    "img": "",
    "related_research": [3, 7, 10]
  }
},
{
  "model": "app.researcher",
  "pk": 6,
  "fields": {
    "firstname": "Emily",
    "surname": "Davis",
    "position": "Cognitive Systems Researcher",
    "short_about": "Researcher in cognitive computing and AI-human interaction.",
    "about": "Emily Davis investigates cognitive architectures and human-centered AI design, focusing on improving collaboration between humans and machines.",
    "email": "emily.davis@example.com",
    "linkedin": "https://linkedin.com/in/emily-davis",
    "keywords": "Cognitive Computing, Human-AI Interaction, Machine Learning",
    "img": "",
    "related_research": [6]
  }
},
{
  "model": "app.researcher",
  "pk": 7,
  "fields": {
    "firstname": "Michael",
    "surname": "Brown",
    "position": "Robotics Engineer",
    "short_about": "Innovator in autonomous systems and robotics.",
    "about": "Michael Brown researches autonomous vehicles, robotic perception systems, and control algorithms, bridging theory and real-world applications.",
    "email": "michael.brown@example.com",
    "linkedin": "https://linkedin.com/in/michael-brown",
    "keywords": "Robotics, Autonomous Systems, Control Theory, Perception",
    "img": "",
    "related_research": [2, 9]
  }
},
{
  "model": "app.researcher",
  "pk": 8,
  "fields": {
    "firstname": "Jessica",
    "surname": "Williams",
    "position": "Bioinformatics Specialist",
    "short_about": "Advancing computational biology through data-driven research.",
    "about": "Jessica Williams focuses on genomics, biomedical informatics, and the application of AI to personalized medicine and healthcare innovation.",
    "email": "jessica.williams@example.com",
    "linkedin": "https://linkedin.com/in/jessica-williams",
    "keywords": "Bioinformatics, Genomics, Personalized Medicine, AI in Healthcare",
    "img": "",
    "related_research": [5, 8]
  }
},
{
  "model": "app.researcher",
  "pk": 9,
  "fields": {
    "firstname": "David",
    "surname": "Martinez",
    "position": "Computer Vision Scientist",
    "short_about": "Expert in image processing and pattern recognition.",
    "about": "David Martinez leads projects in object detection, 3D reconstruction, and real-time image analysis for autonomous and security systems.",
    "email": "david.martinez@example.com",
    "linkedin": "https://linkedin.com/in/david-martinez",
    "keywords": "Computer Vision, Image Processing, Object Detection",
    "img": "",
    "related_research": [7, 10]
  }
},
{
  "model": "app.researcher",
  "pk": 10,
  "fields": {
    "firstname": "Laura",
    "surname": "Garcia",
    "position": "AI Policy Analyst",
    "short_about": "Researches ethical frameworks and AI regulations.",
    "about": "Laura Garcia develops models for ethical AI deployment, focusing on fairness, transparency, accountability, and regulatory compliance globally.",
    "email": "laura.garcia@example.com",
    "linkedin": "https://linkedin.com/in/laura-garcia",
    "keywords": "AI Ethics, Governance, Policy, Regulation",
    "img": "",
    "related_research": [3, 6, 11]
  }
},
{
  "model": "app.researcher",
  "pk": 11,
  "fields": {
    "firstname": "James",
    "surname": "Miller",
    "position": "Cybersecurity Researcher",
    "short_about": "Specializes in AI-driven security and privacy solutions.",
    "about": "James Miller focuses on AI applications in cybersecurity, threat detection, and securing machine learning pipelines from adversarial attacks.",
    "email": "james.miller@example.com",
    "linkedin": "https://linkedin.com/in/james-miller",
    "keywords": "Cybersecurity, AI Security, Privacy, Adversarial Learning",
    "img": "",
    "related_research": [2, 8]
  }
},
{
  "model": "app.researcher",
  "pk": 12,
  "fields": {
    "firstname": "Sophia",
    "surname": "Rodriguez",
    "position": "Machine Learning Engineer",
    "short_about": "Builder of scalable ML pipelines and solutions.",
    "about": "Sophia Rodriguez specializes in deploying machine learning models at scale, improving MLOps practices and monitoring systems for reliability.",
    "email": "sophia.rodriguez@example.com",
    "linkedin": "https://linkedin.com/in/sophia-rodriguez",
    "keywords": "MLOps, Machine Learning Engineering, Scalable Systems",
    "img": "",
    "related_research": [5, 9]
  }
},
{
  "model": "app.researcher",
  "pk": 13,
  "fields": {
    "firstname": "Daniel",
    "surname": "Hernandez",
    "position": "Deep Learning Researcher",
    "short_about": "Pushing boundaries in generative and adversarial networks.",
    "about": "Daniel Hernandez works on cutting-edge deep learning models, including GANs, transformers, and large multimodal systems.",
    "email": "daniel.hernandez@example.com",
    "linkedin": "https://linkedin.com/in/daniel-hernandez",
    "keywords": "Deep Learning, GANs, Transformers, Multimodal AI",
    "img": "",
    "related_research": [3, 7, 11]
  }
},
{
  "model": "app.researcher",
  "pk": 14,
  "fields": {
    "firstname": "Olivia",
    "surname": "Lopez",
    "position": "Natural Language Processing Scientist",
    "short_about": "Exploring semantics, language models, and conversation AI.",
    "about": "Olivia Lopez designs advanced NLP systems, working on semantic understanding, dialogue generation, and multilingual models.",
    "email": "olivia.lopez@example.com",
    "linkedin": "https://linkedin.com/in/olivia-lopez",
    "keywords": "NLP, Language Models, Multilingual AI, Conversational AI",
    "img": "",
    "related_research": [6, 10]
  }
},
{
  "model": "app.researcher",
  "pk": 15,
  "fields": {
    "firstname": "Matthew",
    "surname": "Gonzalez",
    "position": "Software Architect",
    "short_about": "Architects AI-driven applications and platforms.",
    "about": "Matthew Gonzalez specializes in scalable backend systems and AI integration, focusing on cloud-native and distributed AI infrastructures.",
    "email": "matthew.gonzalez@example.com",
    "linkedin": "https://linkedin.com/in/matthew-gonzalez",
    "keywords": "Software Architecture, Cloud AI, Distributed Systems",
    "img": "",
    "related_research": [2, 9]
  }
},
{
  "model": "app.researcher",
  "pk": 16,
  "fields": {
    "firstname": "Isabella",
    "surname": "Wilson",
    "position": "Human-Computer Interaction Researcher",
    "short_about": "Focuses on user-centric AI systems and UX design.",
    "about": "Isabella Wilson researches how AI systems can be designed for maximum usability, accessibility, and positive human experiences.",
    "email": "isabella.wilson@example.com",
    "linkedin": "https://linkedin.com/in/isabella-wilson",
    "keywords": "HCI, UX Research, AI Accessibility",
    "img": "",
    "related_research": [5, 8]
  }
},
{
  "model": "app.researcher",
  "pk": 17,
  "fields": {
    "firstname": "Ethan",
    "surname": "Anderson",
    "position": "AI Systems Engineer",
    "short_about": "Engineer of robust AI platforms and pipelines.",
    "about": "Ethan Anderson builds scalable, resilient systems for machine learning deployment, emphasizing automation, monitoring, and reliability.",
    "email": "ethan.anderson@example.com",
    "linkedin": "https://linkedin.com/in/ethan-anderson",
    "keywords": "AI Engineering, Systems Reliability, Scalability",
    "img": "",
    "related_research": [3, 6, 11]
  }
},
{
  "model": "app.researcher",
  "pk": 18,
  "fields": {
    "firstname": "Ava",
    "surname": "Thomas",
    "position": "Data Ethics Researcher",
    "short_about": "Studies AI impact on society and ethics in data.",
    "about": "Ava Thomas leads investigations into responsible data use, privacy-preserving technologies, and fairness in machine learning models.",
    "email": "ava.thomas@example.com",
    "linkedin": "https://linkedin.com/in/ava-thomas",
    "keywords": "Data Ethics, Fairness, Privacy, Responsible AI",
    "img": "",
    "related_research": [7, 10]
  }
},
{
  "model": "app.researcher",
  "pk": 19,
  "fields": {
    "firstname": "William",
    "surname": "Taylor",
    "position": "Optimization Researcher",
    "short_about": "Expert in algorithms and optimization for AI systems.",
    "about": "William Taylor works on optimization techniques in AI, from reinforcement learning strategies to operational research models.",
    "email": "william.taylor@example.com",
    "linkedin": "https://linkedin.com/in/william-taylor",
    "keywords": "Optimization, Algorithms, Reinforcement Learning",
    "img": "",
    "related_research": [9]
  }
},
{
  "model": "app.researcher",
  "pk": 20,
  "fields": {
    "firstname": "Charlotte",
    "surname": "Moore",
    "position": "Computational Linguist",
    "short_about": "Applies linguistics expertise to AI and NLP models.",
    "about": "Charlotte Moore bridges linguistics and AI, researching syntactic parsing, machine translation, and context-aware systems.",
    "email": "charlotte.moore@example.com",
    "linkedin": "https://linkedin.com/in/charlotte-moore",
    "keywords": "Computational Linguistics, NLP, Syntax Parsing",
    "img": "",
    "related_research": [2, 5, 8]
  }
},
{
  "model": "app.researcher",
  "pk": 21,
  "fields": {
    "firstname": "Benjamin",
    "surname": "Jackson",
    "position": "Neural Networks Researcher",
    "short_about": "Researches new architectures for neural networks.",
    "about": "Benjamin Jackson explores innovative deep learning architectures, focusing on novel training methods and efficiency improvements.",
    "email": "benjamin.jackson@example.com",
    "linkedin": "https://linkedin.com/in/benjamin-jackson",
    "keywords": "Neural Networks, Deep Learning, Model Optimization",
    "img": "",
    "related_research": [3, 6, 10]
  }
},
{
  "model": "app.researcher",
  "pk": 22,
  "fields": {
    "firstname": "Mia",
    "surname": "Martin",
    "position": "AI Sociologist",
    "short_about": "Studies social implications of AI technologies.",
    "about": "Mia Martin researches how AI shapes human behavior, social structures, and ethics at the intersection of technology and society.",
    "email": "mia.martin@example.com",
    "linkedin": "https://linkedin.com/in/mia-martin",
    "keywords": "AI and Society, Ethics, Technology Impact",
    "img": "",
    "related_research": [7, 11]
  }
},
{
  "model": "app.researcher",
  "pk": 23,
  "fields": {
    "firstname": "Alexander",
    "surname": "Lee",
    "position": "Quantum Computing Researcher",
    "short_about": "Researches quantum algorithms and applications for AI.",
    "about": "Alexander Lee works on the intersection of quantum computing and AI, exploring quantum machine learning and computational advantages.",
    "email": "alexander.lee@example.com",
    "linkedin": "https://linkedin.com/in/alexander-lee",
    "keywords": "Quantum Computing, Quantum AI, Quantum Algorithms",
    "img": "",
    "related_research": [9]
  }
},
{
  "model": "app.researcher",
  "pk": 25,
  "fields": {
    "firstname": "mock",
    "surname": "mock",
    "position": "Mock Researcher",
    "short_about": "Placeholder researcher for testing purposes.",
    "about": "This is a mock researcher used for internal testing and placeholder content.",
    "email": "mock.mock@example.com",
    "linkedin": "https://linkedin.com/in/mock-mock",
    "keywords": "Mock, Testing, Placeholder",
    "img": "",
    "related_research": [2]
  }
}
]
